1,Alexis,2018,2023,1999,123456
2,Edgar Alejandro,2018,2023,1999,123456
3,Jorge Alejandro,2018,2023,1999,123456
4,Seyri Victoria,2018,2023,1999,123456
5,Cinthya Guadalupe,2018,2023,1999,123456
6,Rachel Eunice,2018,2023,1999,123456
7,José Refugio,2018,2023,1999,123456
8,Beatriz Nayeli,2018,2023,1999,123456
9,Anna Paola,2018,2023,1999,123456
10,Alfonso Ricardo,2018,2023,1999,123456
11,Martha Berenice,2018,2023,1999,123456
12,María del Pilar ,2018,2023,1999,123456
13,Maria Fernanda,2018,2023,1999,123456
14,Ana Maria,2018,2023,1999,123456
15,Jessica,2018,2023,1999,123456
16,Roberto Carlos,2018,2023,1999,123456
17,Erika Araceli,2018,2023,1999,123456
18,Agus,2018,2023,1999,123456
19,Elizabeth,2018,2023,1999,123456
20,sandra vanessa,2018,2023,1999,123456
21,claudia,2018,2023,1999,123456
22,José,2018,2023,1999,123456
23,Maribel,2018,2023,1999,123456
24,EDGAR RENE,2018,2023,1999,123456
25,Fabiola,2018,2023,1999,123456
26,Iran Susel,2018,2023,1999,123456
27,Antonio Nahum,2018,2023,1999,123456
28,Elizabeth,2018,2023,1999,123456
29,LUIS GONZALO,2018,2023,1999,123456
30,ZULEIMA GUADALUPE,2018,2023,1999,123456
31,Paloma  Maria,2018,2023,1999,123456
32,Luis Roberto,2018,2023,1999,123456
33,Karla Larissa,2018,2023,1999,123456
34,maria lletlanesi,2018,2023,1999,123456
35,Martha genoveva,2018,2023,1999,123456
36,Cecilia,2018,2023,1999,123456
37,Manuel,2018,2023,1999,123456